-- ============================================================
-- Programmatic Advertising Database
-- Ad Size vs CPA Portfolio Analysis
-- SQLite | Created for GitHub Portfolio
-- ============================================================

PRAGMA foreign_keys = ON;

-- Drop tables if re-running
DROP TABLE IF EXISTS daily_performance;
DROP TABLE IF EXISTS placements;
DROP TABLE IF EXISTS campaigns;
DROP TABLE IF EXISTS publishers;

-- ============================================================
-- TABLE 1: publishers
-- ============================================================
CREATE TABLE publishers (
    publisher_id   TEXT PRIMARY KEY,
    publisher_name TEXT NOT NULL,
    category       TEXT NOT NULL,
    tier           TEXT NOT NULL CHECK(tier IN ('Premium','Standard','Long-tail'))
);

INSERT INTO publishers VALUES ('PUB001', 'NewsDigital Pro', 'News', 'Premium');
INSERT INTO publishers VALUES ('PUB002', 'SportStream Media', 'Sports', 'Premium');
INSERT INTO publishers VALUES ('PUB003', 'TechInsider Network', 'Technology', 'Premium');
INSERT INTO publishers VALUES ('PUB004', 'LifeStyle Hub', 'Lifestyle', 'Standard');
INSERT INTO publishers VALUES ('PUB005', 'FinanceDaily', 'Finance', 'Premium');
INSERT INTO publishers VALUES ('PUB006', 'EntertainmentZone', 'Entertainment', 'Standard');
INSERT INTO publishers VALUES ('PUB007', 'TravelWorld', 'Travel', 'Standard');
INSERT INTO publishers VALUES ('PUB008', 'HealthFirst Media', 'Health', 'Long-tail');

-- ============================================================
-- TABLE 2: campaigns
-- ============================================================
CREATE TABLE campaigns (
    campaign_id    TEXT PRIMARY KEY,
    campaign_name  TEXT NOT NULL,
    campaign_type  TEXT NOT NULL CHECK(campaign_type IN ('Brand','Performance')),
    budget         REAL NOT NULL,
    start_date     TEXT NOT NULL,
    end_date       TEXT NOT NULL,
    strategy       TEXT NOT NULL CHECK(strategy IN ('Prospecting','Retargeting'))
);

INSERT INTO campaigns VALUES ('CAM001', 'Q1 Brand Awareness', 'Brand', 15000, '2024-01-08', '2024-03-31', 'Retargeting');
INSERT INTO campaigns VALUES ('CAM002', 'Spring Promo Drive', 'Performance', 22000, '2024-03-01', '2024-05-15', 'Prospecting');
INSERT INTO campaigns VALUES ('CAM003', 'Summer Sale Push', 'Performance', 18500, '2024-06-01', '2024-08-31', 'Prospecting');
INSERT INTO campaigns VALUES ('CAM004', 'Q3 Retargeting', 'Performance', 12000, '2024-07-01', '2024-09-30', 'Retargeting');
INSERT INTO campaigns VALUES ('CAM005', 'Holiday Season', 'Brand', 30000, '2024-10-01', '2024-12-31', 'Prospecting');
INSERT INTO campaigns VALUES ('CAM006', 'New Product Launch', 'Performance', 25000, '2024-04-15', '2024-06-30', 'Prospecting');

-- ============================================================
-- TABLE 3: placements
-- ============================================================
CREATE TABLE placements (
    placement_id   TEXT PRIMARY KEY,
    campaign_id    TEXT NOT NULL REFERENCES campaigns(campaign_id),
    publisher_id   TEXT NOT NULL REFERENCES publishers(publisher_id),
    ad_size        TEXT NOT NULL,
    ad_size_label  TEXT NOT NULL
);

INSERT INTO placements VALUES ('PL0001', 'CAM001', 'PUB002', '320x50', 'Mobile Banner');
INSERT INTO placements VALUES ('PL0002', 'CAM001', 'PUB002', '728x90', 'Leaderboard');
INSERT INTO placements VALUES ('PL0003', 'CAM001', 'PUB001', '970x250', 'Billboard');
INSERT INTO placements VALUES ('PL0004', 'CAM001', 'PUB001', '728x90', 'Leaderboard');
INSERT INTO placements VALUES ('PL0005', 'CAM001', 'PUB006', '160x600', 'Skyscraper');
INSERT INTO placements VALUES ('PL0006', 'CAM001', 'PUB006', '300x250', 'Rectangle');
INSERT INTO placements VALUES ('PL0007', 'CAM001', 'PUB006', '728x90', 'Leaderboard');
INSERT INTO placements VALUES ('PL0008', 'CAM001', 'PUB006', '320x50', 'Mobile Banner');
INSERT INTO placements VALUES ('PL0009', 'CAM001', 'PUB003', '300x250', 'Rectangle');
INSERT INTO placements VALUES ('PL0010', 'CAM001', 'PUB003', '160x600', 'Skyscraper');
INSERT INTO placements VALUES ('PL0011', 'CAM001', 'PUB008', '300x250', 'Rectangle');
INSERT INTO placements VALUES ('PL0012', 'CAM001', 'PUB008', '160x600', 'Skyscraper');
INSERT INTO placements VALUES ('PL0013', 'CAM001', 'PUB008', '300x600', 'Half Page');
INSERT INTO placements VALUES ('PL0014', 'CAM001', 'PUB008', '728x90', 'Leaderboard');
INSERT INTO placements VALUES ('PL0015', 'CAM002', 'PUB008', '728x90', 'Leaderboard');
INSERT INTO placements VALUES ('PL0016', 'CAM002', 'PUB008', '160x600', 'Skyscraper');
INSERT INTO placements VALUES ('PL0017', 'CAM002', 'PUB005', '300x600', 'Half Page');
INSERT INTO placements VALUES ('PL0018', 'CAM002', 'PUB005', '300x250', 'Rectangle');
INSERT INTO placements VALUES ('PL0019', 'CAM002', 'PUB005', '728x90', 'Leaderboard');
INSERT INTO placements VALUES ('PL0020', 'CAM002', 'PUB003', '160x600', 'Skyscraper');
INSERT INTO placements VALUES ('PL0021', 'CAM002', 'PUB003', '728x90', 'Leaderboard');
INSERT INTO placements VALUES ('PL0022', 'CAM003', 'PUB007', '300x600', 'Half Page');
INSERT INTO placements VALUES ('PL0023', 'CAM003', 'PUB007', '300x250', 'Rectangle');
INSERT INTO placements VALUES ('PL0024', 'CAM003', 'PUB007', '320x50', 'Mobile Banner');
INSERT INTO placements VALUES ('PL0025', 'CAM003', 'PUB001', '728x90', 'Leaderboard');
INSERT INTO placements VALUES ('PL0026', 'CAM003', 'PUB001', '300x600', 'Half Page');
INSERT INTO placements VALUES ('PL0027', 'CAM003', 'PUB001', '970x250', 'Billboard');
INSERT INTO placements VALUES ('PL0028', 'CAM003', 'PUB001', '300x250', 'Rectangle');
INSERT INTO placements VALUES ('PL0029', 'CAM003', 'PUB003', '160x600', 'Skyscraper');
INSERT INTO placements VALUES ('PL0030', 'CAM003', 'PUB003', '300x600', 'Half Page');
INSERT INTO placements VALUES ('PL0031', 'CAM003', 'PUB003', '728x90', 'Leaderboard');
INSERT INTO placements VALUES ('PL0032', 'CAM003', 'PUB003', '300x250', 'Rectangle');
INSERT INTO placements VALUES ('PL0033', 'CAM004', 'PUB004', '320x50', 'Mobile Banner');
INSERT INTO placements VALUES ('PL0034', 'CAM004', 'PUB004', '300x250', 'Rectangle');
INSERT INTO placements VALUES ('PL0035', 'CAM004', 'PUB007', '300x600', 'Half Page');
INSERT INTO placements VALUES ('PL0036', 'CAM004', 'PUB007', '320x50', 'Mobile Banner');
INSERT INTO placements VALUES ('PL0037', 'CAM004', 'PUB007', '728x90', 'Leaderboard');
INSERT INTO placements VALUES ('PL0038', 'CAM004', 'PUB003', '160x600', 'Skyscraper');
INSERT INTO placements VALUES ('PL0039', 'CAM004', 'PUB003', '300x250', 'Rectangle');
INSERT INTO placements VALUES ('PL0040', 'CAM005', 'PUB005', '728x90', 'Leaderboard');
INSERT INTO placements VALUES ('PL0041', 'CAM005', 'PUB005', '300x600', 'Half Page');
INSERT INTO placements VALUES ('PL0042', 'CAM005', 'PUB005', '970x250', 'Billboard');
INSERT INTO placements VALUES ('PL0043', 'CAM005', 'PUB005', '300x250', 'Rectangle');
INSERT INTO placements VALUES ('PL0044', 'CAM005', 'PUB006', '160x600', 'Skyscraper');
INSERT INTO placements VALUES ('PL0045', 'CAM005', 'PUB006', '320x50', 'Mobile Banner');
INSERT INTO placements VALUES ('PL0046', 'CAM005', 'PUB007', '320x50', 'Mobile Banner');
INSERT INTO placements VALUES ('PL0047', 'CAM005', 'PUB007', '300x600', 'Half Page');
INSERT INTO placements VALUES ('PL0048', 'CAM005', 'PUB007', '728x90', 'Leaderboard');
INSERT INTO placements VALUES ('PL0049', 'CAM006', 'PUB004', '728x90', 'Leaderboard');
INSERT INTO placements VALUES ('PL0050', 'CAM006', 'PUB004', '320x50', 'Mobile Banner');
INSERT INTO placements VALUES ('PL0051', 'CAM006', 'PUB004', '300x250', 'Rectangle');
INSERT INTO placements VALUES ('PL0052', 'CAM006', 'PUB007', '300x600', 'Half Page');
INSERT INTO placements VALUES ('PL0053', 'CAM006', 'PUB007', '300x250', 'Rectangle');
INSERT INTO placements VALUES ('PL0054', 'CAM006', 'PUB001', '300x600', 'Half Page');
INSERT INTO placements VALUES ('PL0055', 'CAM006', 'PUB001', '970x250', 'Billboard');
INSERT INTO placements VALUES ('PL0056', 'CAM006', 'PUB001', '160x600', 'Skyscraper');
INSERT INTO placements VALUES ('PL0057', 'CAM006', 'PUB001', '300x250', 'Rectangle');

-- ============================================================
-- TABLE 4: daily_performance
-- ============================================================
CREATE TABLE daily_performance (
    row_id         INTEGER PRIMARY KEY,
    placement_id   TEXT NOT NULL REFERENCES placements(placement_id),
    campaign_id    TEXT NOT NULL REFERENCES campaigns(campaign_id),
    report_date    TEXT NOT NULL,
    impressions    INTEGER NOT NULL,
    clicks         INTEGER NOT NULL,
    conversions    INTEGER NOT NULL,
    spend          REAL NOT NULL,
    cpm            REAL NOT NULL
);

INSERT INTO daily_performance VALUES
(1, 'PL0001', 'CAM001', '2024-01-08', 33726, 100, 2, 84.99, 2.52),
(2, 'PL0001', 'CAM001', '2024-01-17', 71155, 204, 4, 180.02, 2.53),
(3, 'PL0001', 'CAM001', '2024-01-26', 43746, 142, 4, 101.05, 2.31),
(4, 'PL0001', 'CAM001', '2024-02-04', 29371, 89, 1, 70.49, 2.4),
(5, 'PL0001', 'CAM001', '2024-02-13', 70333, 185, 4, 151.22, 2.15),
(6, 'PL0001', 'CAM001', '2024-02-22', 47953, 130, 3, 136.67, 2.85),
(7, 'PL0001', 'CAM001', '2024-03-02', 16504, 48, 0, 36.14, 2.19),
(8, 'PL0001', 'CAM001', '2024-03-11', 59587, 149, 2, 151.35, 2.54),
(9, 'PL0001', 'CAM001', '2024-03-20', 74470, 277, 4, 172.77, 2.32),
(10, 'PL0002', 'CAM001', '2024-01-08', 33416, 24, 1, 92.56, 2.77),
(11, 'PL0002', 'CAM001', '2024-01-17', 49117, 65, 2, 127.21, 2.59),
(12, 'PL0002', 'CAM001', '2024-01-26', 31174, 43, 1, 73.26, 2.35),
(13, 'PL0002', 'CAM001', '2024-02-04', 79514, 112, 4, 215.48, 2.71),
(14, 'PL0002', 'CAM001', '2024-02-13', 57576, 69, 4, 196.91, 3.42),
(15, 'PL0002', 'CAM001', '2024-02-22', 50306, 61, 3, 160.98, 3.2),
(16, 'PL0002', 'CAM001', '2024-03-02', 73699, 86, 10, 245.42, 3.33),
(17, 'PL0002', 'CAM001', '2024-03-11', 79822, 97, 5, 220.31, 2.76),
(18, 'PL0002', 'CAM001', '2024-03-20', 44741, 55, 2, 110.51, 2.47),
(19, 'PL0003', 'CAM001', '2024-01-08', 21880, 40, 3, 98.68, 4.51),
(20, 'PL0003', 'CAM001', '2024-01-17', 34148, 40, 5, 198.06, 5.8),
(21, 'PL0003', 'CAM001', '2024-01-26', 36711, 62, 4, 167.4, 4.56),
(22, 'PL0003', 'CAM001', '2024-02-04', 9378, 15, 1, 42.95, 4.58),
(23, 'PL0003', 'CAM001', '2024-02-13', 22432, 42, 2, 111.71, 4.98),
(24, 'PL0003', 'CAM001', '2024-02-22', 10058, 15, 1, 51.09, 5.08),
(25, 'PL0003', 'CAM001', '2024-03-02', 23597, 34, 5, 132.38, 5.61),
(26, 'PL0003', 'CAM001', '2024-03-11', 45423, 64, 5, 206.67, 4.55),
(27, 'PL0003', 'CAM001', '2024-03-20', 38996, 61, 4, 178.6, 4.58),
(28, 'PL0004', 'CAM001', '2024-01-08', 65519, 86, 2, 138.9, 2.12),
(29, 'PL0004', 'CAM001', '2024-01-17', 17100, 16, 0, 31.64, 1.85),
(30, 'PL0004', 'CAM001', '2024-01-26', 54473, 71, 3, 147.62, 2.71),
(31, 'PL0004', 'CAM001', '2024-02-04', 35112, 45, 2, 104.63, 2.98),
(32, 'PL0004', 'CAM001', '2024-02-13', 42742, 54, 2, 117.54, 2.75),
(33, 'PL0004', 'CAM001', '2024-02-22', 22833, 42, 1, 69.41, 3.04),
(34, 'PL0004', 'CAM001', '2024-03-02', 40982, 33, 2, 116.39, 2.84),
(35, 'PL0004', 'CAM001', '2024-03-11', 38016, 55, 1, 81.35, 2.14),
(36, 'PL0004', 'CAM001', '2024-03-20', 61173, 74, 2, 159.66, 2.61),
(37, 'PL0005', 'CAM001', '2024-01-08', 34819, 26, 1, 89.83, 2.58),
(38, 'PL0005', 'CAM001', '2024-01-17', 48376, 29, 1, 104.49, 2.16),
(39, 'PL0005', 'CAM001', '2024-01-26', 24445, 20, 1, 55.49, 2.27),
(40, 'PL0005', 'CAM001', '2024-02-04', 25552, 19, 1, 64.14, 2.51),
(41, 'PL0005', 'CAM001', '2024-02-13', 37954, 35, 1, 77.05, 2.03),
(42, 'PL0005', 'CAM001', '2024-02-22', 17178, 15, 0, 38.99, 2.27),
(43, 'PL0005', 'CAM001', '2024-03-02', 20414, 12, 1, 51.85, 2.54),
(44, 'PL0005', 'CAM001', '2024-03-11', 7604, 6, 0, 15.13, 1.99),
(45, 'PL0005', 'CAM001', '2024-03-20', 43251, 30, 1, 90.39, 2.09),
(46, 'PL0006', 'CAM001', '2024-01-08', 25590, 63, 2, 103.9, 4.06),
(47, 'PL0006', 'CAM001', '2024-01-17', 49019, 88, 2, 176.47, 3.6),
(48, 'PL0006', 'CAM001', '2024-01-26', 5610, 10, 0, 13.18, 2.35),
(49, 'PL0006', 'CAM001', '2024-02-04', 11552, 25, 1, 48.17, 4.17),
(50, 'PL0006', 'CAM001', '2024-02-13', 9508, 26, 1, 41.45, 4.36);

INSERT INTO daily_performance VALUES
(51, 'PL0006', 'CAM001', '2024-02-22', 15338, 25, 1, 65.19, 4.25),
(52, 'PL0006', 'CAM001', '2024-03-02', 47858, 135, 3, 158.89, 3.32),
(53, 'PL0006', 'CAM001', '2024-03-11', 41346, 77, 3, 194.33, 4.7),
(54, 'PL0006', 'CAM001', '2024-03-20', 12564, 24, 1, 58.3, 4.64),
(55, 'PL0007', 'CAM001', '2024-01-08', 30374, 35, 2, 113.6, 3.74),
(56, 'PL0007', 'CAM001', '2024-01-17', 44600, 48, 2, 130.68, 2.93),
(57, 'PL0007', 'CAM001', '2024-01-26', 16658, 23, 1, 57.3, 3.44),
(58, 'PL0007', 'CAM001', '2024-02-04', 27146, 33, 1, 81.98, 3.02),
(59, 'PL0007', 'CAM001', '2024-02-13', 67912, 69, 3, 209.85, 3.09),
(60, 'PL0007', 'CAM001', '2024-02-22', 29536, 36, 1, 74.43, 2.52),
(61, 'PL0007', 'CAM001', '2024-03-02', 29410, 34, 2, 96.17, 3.27),
(62, 'PL0007', 'CAM001', '2024-03-11', 15229, 23, 1, 52.24, 3.43),
(63, 'PL0007', 'CAM001', '2024-03-20', 42706, 48, 3, 124.27, 2.91),
(64, 'PL0008', 'CAM001', '2024-01-08', 35257, 94, 2, 96.25, 2.73),
(65, 'PL0008', 'CAM001', '2024-01-17', 36299, 138, 1, 88.93, 2.45),
(66, 'PL0008', 'CAM001', '2024-01-26', 58540, 172, 4, 151.62, 2.59),
(67, 'PL0008', 'CAM001', '2024-02-04', 47527, 139, 1, 145.43, 3.06),
(68, 'PL0008', 'CAM001', '2024-02-13', 76694, 274, 2, 201.71, 2.63),
(69, 'PL0008', 'CAM001', '2024-02-22', 75332, 189, 3, 225.24, 2.99),
(70, 'PL0008', 'CAM001', '2024-03-02', 40313, 112, 1, 93.93, 2.33),
(71, 'PL0008', 'CAM001', '2024-03-11', 24099, 81, 1, 59.77, 2.48),
(72, 'PL0008', 'CAM001', '2024-03-20', 85282, 226, 3, 212.35, 2.49),
(73, 'PL0009', 'CAM001', '2024-01-08', 22118, 52, 2, 86.92, 3.93),
(74, 'PL0009', 'CAM001', '2024-01-17', 33479, 72, 2, 90.73, 2.71),
(75, 'PL0009', 'CAM001', '2024-01-26', 33599, 58, 3, 94.41, 2.81),
(76, 'PL0009', 'CAM001', '2024-02-04', 21693, 49, 2, 75.06, 3.46),
(77, 'PL0009', 'CAM001', '2024-02-13', 39073, 91, 3, 112.14, 2.87),
(78, 'PL0009', 'CAM001', '2024-02-22', 48950, 74, 3, 157.13, 3.21),
(79, 'PL0009', 'CAM001', '2024-03-02', 48531, 115, 3, 137.34, 2.83),
(80, 'PL0009', 'CAM001', '2024-03-11', 24681, 46, 1, 62.44, 2.53),
(81, 'PL0009', 'CAM001', '2024-03-20', 26376, 47, 2, 85.99, 3.26),
(82, 'PL0010', 'CAM001', '2024-01-08', 29847, 27, 2, 44.17, 1.48),
(83, 'PL0010', 'CAM001', '2024-01-17', 45338, 31, 1, 72.09, 1.59),
(84, 'PL0010', 'CAM001', '2024-01-26', 18774, 13, 0, 26.85, 1.43),
(85, 'PL0010', 'CAM001', '2024-02-04', 47906, 36, 2, 89.58, 1.87),
(86, 'PL0010', 'CAM001', '2024-02-13', 16120, 11, 0, 25.47, 1.58),
(87, 'PL0010', 'CAM001', '2024-02-22', 48506, 35, 1, 74.7, 1.54),
(88, 'PL0010', 'CAM001', '2024-03-02', 49092, 30, 1, 75.6, 1.54),
(89, 'PL0010', 'CAM001', '2024-03-11', 14656, 13, 1, 24.77, 1.69),
(90, 'PL0010', 'CAM001', '2024-03-20', 9772, 8, 0, 12.41, 1.27),
(91, 'PL0011', 'CAM001', '2024-01-08', 42727, 92, 4, 158.09, 3.7),
(92, 'PL0011', 'CAM001', '2024-01-17', 47995, 96, 5, 136.31, 2.84),
(93, 'PL0011', 'CAM001', '2024-01-26', 11985, 24, 1, 34.64, 2.89),
(94, 'PL0011', 'CAM001', '2024-02-04', 35444, 55, 3, 121.22, 3.42),
(95, 'PL0011', 'CAM001', '2024-02-13', 12953, 19, 1, 43.13, 3.33),
(96, 'PL0011', 'CAM001', '2024-02-22', 44023, 54, 2, 127.23, 2.89),
(97, 'PL0011', 'CAM001', '2024-03-02', 34004, 56, 3, 93.85, 2.76),
(98, 'PL0011', 'CAM001', '2024-03-11', 40905, 81, 3, 120.26, 2.94),
(99, 'PL0011', 'CAM001', '2024-03-20', 36108, 55, 3, 120.6, 3.34),
(100, 'PL0012', 'CAM001', '2024-01-08', 39163, 28, 1, 61.09, 1.56);

INSERT INTO daily_performance VALUES
(101, 'PL0012', 'CAM001', '2024-01-17', 33827, 30, 1, 60.55, 1.79),
(102, 'PL0012', 'CAM001', '2024-01-26', 40399, 37, 1, 73.12, 1.81),
(103, 'PL0012', 'CAM001', '2024-02-04', 30102, 22, 0, 42.44, 1.41),
(104, 'PL0012', 'CAM001', '2024-02-13', 40560, 34, 1, 66.52, 1.64),
(105, 'PL0012', 'CAM001', '2024-02-22', 32534, 21, 1, 63.12, 1.94),
(106, 'PL0012', 'CAM001', '2024-03-02', 42728, 34, 1, 72.21, 1.69),
(107, 'PL0012', 'CAM001', '2024-03-11', 28052, 21, 1, 53.3, 1.9),
(108, 'PL0012', 'CAM001', '2024-03-20', 40272, 26, 2, 68.87, 1.71),
(109, 'PL0013', 'CAM001', '2024-01-08', 47534, 135, 8, 254.78, 5.36),
(110, 'PL0013', 'CAM001', '2024-01-17', 33484, 98, 4, 177.47, 5.3),
(111, 'PL0013', 'CAM001', '2024-01-26', 34497, 82, 3, 155.93, 4.52),
(112, 'PL0013', 'CAM001', '2024-02-04', 43004, 86, 8, 281.25, 6.54),
(113, 'PL0013', 'CAM001', '2024-02-13', 44987, 109, 11, 251.93, 5.6),
(114, 'PL0013', 'CAM001', '2024-02-22', 19909, 56, 4, 129.41, 6.5),
(115, 'PL0013', 'CAM001', '2024-03-02', 21871, 48, 3, 131.88, 6.03),
(116, 'PL0013', 'CAM001', '2024-03-11', 35627, 82, 6, 208.42, 5.85),
(117, 'PL0013', 'CAM001', '2024-03-20', 9270, 23, 1, 52.1, 5.62),
(118, 'PL0014', 'CAM001', '2024-01-08', 18993, 22, 1, 49.57, 2.61),
(119, 'PL0014', 'CAM001', '2024-01-17', 14067, 18, 1, 34.6, 2.46),
(120, 'PL0014', 'CAM001', '2024-01-26', 26544, 32, 1, 62.91, 2.37),
(121, 'PL0014', 'CAM001', '2024-02-04', 38569, 41, 2, 99.12, 2.57),
(122, 'PL0014', 'CAM001', '2024-02-13', 25012, 35, 1, 63.78, 2.55),
(123, 'PL0014', 'CAM001', '2024-02-22', 50768, 63, 3, 129.97, 2.56),
(124, 'PL0014', 'CAM001', '2024-03-02', 59192, 86, 2, 126.67, 2.14),
(125, 'PL0014', 'CAM001', '2024-03-11', 19961, 18, 1, 44.11, 2.21),
(126, 'PL0014', 'CAM001', '2024-03-20', 49529, 73, 3, 136.7, 2.76),
(127, 'PL0015', 'CAM002', '2024-03-01', 25866, 33, 1, 55.61, 2.15),
(128, 'PL0015', 'CAM002', '2024-03-09', 58571, 74, 3, 171.03, 2.92),
(129, 'PL0015', 'CAM002', '2024-03-17', 11658, 16, 0, 24.02, 2.06),
(130, 'PL0015', 'CAM002', '2024-03-25', 70258, 104, 4, 170.73, 2.43),
(131, 'PL0015', 'CAM002', '2024-04-02', 78386, 105, 3, 193.61, 2.47),
(132, 'PL0015', 'CAM002', '2024-04-10', 73372, 73, 2, 144.54, 1.97),
(133, 'PL0015', 'CAM002', '2024-04-18', 45179, 52, 2, 122.89, 2.72),
(134, 'PL0015', 'CAM002', '2024-04-26', 69087, 79, 2, 174.79, 2.53),
(135, 'PL0015', 'CAM002', '2024-05-04', 59674, 65, 3, 168.28, 2.82),
(136, 'PL0016', 'CAM002', '2024-03-01', 28253, 26, 1, 50.01, 1.77),
(137, 'PL0016', 'CAM002', '2024-03-09', 44069, 34, 1, 68.31, 1.55),
(138, 'PL0016', 'CAM002', '2024-03-17', 10610, 9, 0, 18.25, 1.72),
(139, 'PL0016', 'CAM002', '2024-03-25', 41384, 33, 1, 57.94, 1.4),
(140, 'PL0016', 'CAM002', '2024-04-02', 6130, 4, 0, 11.22, 1.83),
(141, 'PL0016', 'CAM002', '2024-04-10', 20945, 16, 1, 41.05, 1.96),
(142, 'PL0016', 'CAM002', '2024-04-18', 32885, 27, 1, 64.78, 1.97),
(143, 'PL0016', 'CAM002', '2024-04-26', 28056, 22, 1, 43.49, 1.55),
(144, 'PL0016', 'CAM002', '2024-05-04', 17621, 15, 0, 27.66, 1.57),
(145, 'PL0017', 'CAM002', '2024-03-01', 57950, 140, 9, 321.04, 5.54),
(146, 'PL0017', 'CAM002', '2024-03-09', 46639, 103, 9, 319.48, 6.85),
(147, 'PL0017', 'CAM002', '2024-03-17', 26546, 85, 5, 154.23, 5.81),
(148, 'PL0017', 'CAM002', '2024-03-25', 27809, 79, 5, 190.77, 6.86),
(149, 'PL0017', 'CAM002', '2024-04-02', 25977, 68, 5, 157.16, 6.05),
(150, 'PL0017', 'CAM002', '2024-04-10', 49803, 168, 11, 325.71, 6.54);

INSERT INTO daily_performance VALUES
(151, 'PL0017', 'CAM002', '2024-04-18', 8803, 19, 2, 49.47, 5.62),
(152, 'PL0017', 'CAM002', '2024-04-26', 11367, 29, 1, 67.75, 5.96),
(153, 'PL0017', 'CAM002', '2024-05-04', 15476, 41, 2, 82.49, 5.33),
(154, 'PL0018', 'CAM002', '2024-03-01', 8513, 19, 1, 30.9, 3.63),
(155, 'PL0018', 'CAM002', '2024-03-09', 24912, 55, 2, 83.95, 3.37),
(156, 'PL0018', 'CAM002', '2024-03-17', 44067, 83, 4, 144.98, 3.29),
(157, 'PL0018', 'CAM002', '2024-03-25', 39247, 60, 4, 149.14, 3.8),
(158, 'PL0018', 'CAM002', '2024-04-02', 33103, 79, 2, 100.63, 3.04),
(159, 'PL0018', 'CAM002', '2024-04-10', 44952, 96, 3, 142.95, 3.18),
(160, 'PL0018', 'CAM002', '2024-04-18', 22343, 35, 2, 69.26, 3.1),
(161, 'PL0018', 'CAM002', '2024-04-26', 16391, 30, 2, 51.63, 3.15),
(162, 'PL0018', 'CAM002', '2024-05-04', 35796, 81, 2, 112.76, 3.15),
(163, 'PL0019', 'CAM002', '2024-03-01', 47056, 54, 2, 105.88, 2.25),
(164, 'PL0019', 'CAM002', '2024-03-09', 35928, 30, 1, 80.12, 2.23),
(165, 'PL0019', 'CAM002', '2024-03-17', 29528, 44, 1, 66.73, 2.26),
(166, 'PL0019', 'CAM002', '2024-03-25', 50319, 63, 3, 105.67, 2.1),
(167, 'PL0019', 'CAM002', '2024-04-02', 47828, 48, 2, 129.61, 2.71),
(168, 'PL0019', 'CAM002', '2024-04-10', 45683, 63, 2, 101.42, 2.22),
(169, 'PL0019', 'CAM002', '2024-04-18', 20543, 18, 1, 45.19, 2.2),
(170, 'PL0019', 'CAM002', '2024-04-26', 13390, 13, 1, 43.38, 3.24),
(171, 'PL0019', 'CAM002', '2024-05-04', 12719, 19, 1, 32.69, 2.57),
(172, 'PL0020', 'CAM002', '2024-03-01', 16481, 14, 0, 22.91, 1.39),
(173, 'PL0020', 'CAM002', '2024-03-09', 23229, 20, 1, 44.37, 1.91),
(174, 'PL0020', 'CAM002', '2024-03-17', 10979, 8, 0, 16.14, 1.47),
(175, 'PL0020', 'CAM002', '2024-03-25', 26040, 18, 1, 34.37, 1.32),
(176, 'PL0020', 'CAM002', '2024-04-02', 23888, 23, 1, 37.5, 1.57),
(177, 'PL0020', 'CAM002', '2024-04-10', 41051, 35, 1, 69.38, 1.69),
(178, 'PL0020', 'CAM002', '2024-04-18', 31488, 27, 2, 60.46, 1.92),
(179, 'PL0020', 'CAM002', '2024-04-26', 5075, 4, 0, 7.41, 1.46),
(180, 'PL0020', 'CAM002', '2024-05-04', 28709, 24, 1, 43.06, 1.5),
(181, 'PL0021', 'CAM002', '2024-03-01', 67939, 82, 6, 153.54, 2.26),
(182, 'PL0021', 'CAM002', '2024-03-09', 67424, 72, 4, 182.72, 2.71),
(183, 'PL0021', 'CAM002', '2024-03-17', 13783, 20, 1, 33.08, 2.4),
(184, 'PL0021', 'CAM002', '2024-03-25', 11792, 15, 1, 27.59, 2.34),
(185, 'PL0021', 'CAM002', '2024-04-02', 24871, 28, 1, 62.18, 2.5),
(186, 'PL0021', 'CAM002', '2024-04-10', 48254, 49, 2, 107.61, 2.23),
(187, 'PL0021', 'CAM002', '2024-04-18', 73242, 98, 4, 178.71, 2.44),
(188, 'PL0021', 'CAM002', '2024-04-26', 76616, 88, 4, 188.48, 2.46),
(189, 'PL0021', 'CAM002', '2024-05-04', 19150, 22, 2, 57.07, 2.98),
(190, 'PL0022', 'CAM003', '2024-06-01', 41275, 122, 7, 289.34, 7.01),
(191, 'PL0022', 'CAM003', '2024-06-11', 55582, 131, 9, 449.66, 8.09),
(192, 'PL0022', 'CAM003', '2024-06-21', 17738, 44, 2, 108.2, 6.1),
(193, 'PL0022', 'CAM003', '2024-07-01', 29786, 61, 6, 198.97, 6.68),
(194, 'PL0022', 'CAM003', '2024-07-11', 20363, 53, 4, 155.57, 7.64),
(195, 'PL0022', 'CAM003', '2024-07-21', 33098, 85, 5, 280.34, 8.47),
(196, 'PL0022', 'CAM003', '2024-07-31', 54217, 145, 11, 419.1, 7.73),
(197, 'PL0022', 'CAM003', '2024-08-10', 51495, 136, 6, 300.73, 5.84),
(198, 'PL0022', 'CAM003', '2024-08-20', 16273, 54, 2, 95.85, 5.89),
(199, 'PL0023', 'CAM003', '2024-06-01', 11577, 26, 1, 39.71, 3.43),
(200, 'PL0023', 'CAM003', '2024-06-11', 14447, 28, 1, 46.52, 3.22);

INSERT INTO daily_performance VALUES
(201, 'PL0023', 'CAM003', '2024-06-21', 15116, 37, 1, 62.58, 4.14),
(202, 'PL0023', 'CAM003', '2024-07-01', 31049, 75, 3, 101.22, 3.26),
(203, 'PL0023', 'CAM003', '2024-07-11', 49194, 108, 4, 169.23, 3.44),
(204, 'PL0023', 'CAM003', '2024-07-21', 36978, 90, 3, 143.1, 3.87),
(205, 'PL0023', 'CAM003', '2024-07-31', 9484, 19, 1, 42.39, 4.47),
(206, 'PL0023', 'CAM003', '2024-08-10', 10923, 24, 1, 39.21, 3.59),
(207, 'PL0023', 'CAM003', '2024-08-20', 46533, 91, 3, 166.59, 3.58),
(208, 'PL0024', 'CAM003', '2024-06-01', 18794, 63, 1, 53.75, 2.86),
(209, 'PL0024', 'CAM003', '2024-06-11', 53452, 144, 2, 139.51, 2.61),
(210, 'PL0024', 'CAM003', '2024-06-21', 38600, 134, 1, 93.8, 2.43),
(211, 'PL0024', 'CAM003', '2024-07-01', 65140, 180, 2, 145.26, 2.23),
(212, 'PL0024', 'CAM003', '2024-07-11', 75443, 217, 4, 163.71, 2.17),
(213, 'PL0024', 'CAM003', '2024-07-21', 16231, 55, 1, 35.55, 2.19),
(214, 'PL0024', 'CAM003', '2024-07-31', 24681, 88, 1, 52.57, 2.13),
(215, 'PL0024', 'CAM003', '2024-08-10', 54210, 146, 2, 116.55, 2.15),
(216, 'PL0024', 'CAM003', '2024-08-20', 41111, 159, 2, 120.46, 2.93),
(217, 'PL0025', 'CAM003', '2024-06-01', 23979, 29, 4, 73.62, 3.07),
(218, 'PL0025', 'CAM003', '2024-06-11', 48696, 46, 3, 158.75, 3.26),
(219, 'PL0025', 'CAM003', '2024-06-21', 61879, 72, 4, 189.97, 3.07),
(220, 'PL0025', 'CAM003', '2024-07-01', 16428, 15, 1, 51.09, 3.11),
(221, 'PL0025', 'CAM003', '2024-07-11', 47512, 58, 2, 115.45, 2.43),
(222, 'PL0025', 'CAM003', '2024-07-21', 34920, 38, 2, 80.67, 2.31),
(223, 'PL0025', 'CAM003', '2024-07-31', 27927, 26, 1, 60.32, 2.16),
(224, 'PL0025', 'CAM003', '2024-08-10', 67779, 73, 3, 200.63, 2.96),
(225, 'PL0025', 'CAM003', '2024-08-20', 27224, 36, 1, 76.23, 2.8),
(226, 'PL0026', 'CAM003', '2024-06-01', 16661, 38, 5, 108.63, 6.52),
(227, 'PL0026', 'CAM003', '2024-06-11', 31976, 54, 5, 187.38, 5.86),
(228, 'PL0026', 'CAM003', '2024-06-21', 39578, 89, 8, 268.34, 6.78),
(229, 'PL0026', 'CAM003', '2024-07-01', 30198, 80, 4, 162.77, 5.39),
(230, 'PL0026', 'CAM003', '2024-07-11', 22785, 63, 6, 157.9, 6.93),
(231, 'PL0026', 'CAM003', '2024-07-21', 34044, 108, 7, 200.86, 5.9),
(232, 'PL0026', 'CAM003', '2024-07-31', 8912, 27, 1, 54.72, 6.14),
(233, 'PL0026', 'CAM003', '2024-08-10', 32155, 72, 7, 167.21, 5.2),
(234, 'PL0026', 'CAM003', '2024-08-20', 32344, 69, 5, 213.47, 6.6),
(235, 'PL0027', 'CAM003', '2024-06-01', 9640, 11, 1, 38.27, 3.97),
(236, 'PL0027', 'CAM003', '2024-06-11', 50444, 89, 6, 300.65, 5.96),
(237, 'PL0027', 'CAM003', '2024-06-21', 53945, 77, 5, 297.24, 5.51),
(238, 'PL0027', 'CAM003', '2024-07-01', 27946, 54, 4, 146.16, 5.23),
(239, 'PL0027', 'CAM003', '2024-07-11', 23387, 37, 4, 110.62, 4.73),
(240, 'PL0027', 'CAM003', '2024-07-21', 56702, 91, 9, 266.5, 4.7),
(241, 'PL0027', 'CAM003', '2024-07-31', 46491, 69, 6, 213.86, 4.6),
(242, 'PL0027', 'CAM003', '2024-08-10', 40069, 62, 6, 155.87, 3.89),
(243, 'PL0027', 'CAM003', '2024-08-20', 26333, 45, 6, 133.24, 5.06),
(244, 'PL0028', 'CAM003', '2024-06-01', 28768, 65, 2, 109.89, 3.82),
(245, 'PL0028', 'CAM003', '2024-06-11', 40682, 96, 2, 121.64, 2.99),
(246, 'PL0028', 'CAM003', '2024-06-21', 13005, 27, 1, 52.41, 4.03),
(247, 'PL0028', 'CAM003', '2024-07-01', 11007, 20, 1, 31.26, 2.84),
(248, 'PL0028', 'CAM003', '2024-07-11', 26856, 53, 2, 89.43, 3.33),
(249, 'PL0028', 'CAM003', '2024-07-21', 42000, 91, 5, 170.1, 4.05),
(250, 'PL0028', 'CAM003', '2024-07-31', 20269, 38, 1, 65.27, 3.22);

INSERT INTO daily_performance VALUES
(251, 'PL0028', 'CAM003', '2024-08-10', 44058, 114, 3, 147.15, 3.34),
(252, 'PL0028', 'CAM003', '2024-08-20', 21426, 46, 2, 72.42, 3.38),
(253, 'PL0029', 'CAM003', '2024-06-01', 6689, 6, 0, 12.11, 1.81),
(254, 'PL0029', 'CAM003', '2024-06-11', 6034, 4, 0, 10.26, 1.7),
(255, 'PL0029', 'CAM003', '2024-06-21', 32588, 20, 2, 52.79, 1.62),
(256, 'PL0029', 'CAM003', '2024-07-01', 38635, 32, 1, 57.57, 1.49),
(257, 'PL0029', 'CAM003', '2024-07-11', 19519, 16, 0, 32.21, 1.65),
(258, 'PL0029', 'CAM003', '2024-07-21', 39173, 22, 1, 61.89, 1.58),
(259, 'PL0029', 'CAM003', '2024-07-31', 7041, 7, 0, 12.39, 1.76),
(260, 'PL0029', 'CAM003', '2024-08-10', 37130, 34, 1, 60.15, 1.62),
(261, 'PL0029', 'CAM003', '2024-08-20', 10294, 8, 0, 18.22, 1.77),
(262, 'PL0030', 'CAM003', '2024-06-01', 46362, 133, 7, 238.3, 5.14),
(263, 'PL0030', 'CAM003', '2024-06-11', 47150, 99, 8, 263.1, 5.58),
(264, 'PL0030', 'CAM003', '2024-06-21', 53991, 129, 9, 349.32, 6.47),
(265, 'PL0030', 'CAM003', '2024-07-01', 58394, 104, 14, 308.32, 5.28),
(266, 'PL0030', 'CAM003', '2024-07-11', 35119, 100, 5, 186.83, 5.32),
(267, 'PL0030', 'CAM003', '2024-07-21', 35262, 87, 6, 180.89, 5.13),
(268, 'PL0030', 'CAM003', '2024-07-31', 18003, 50, 4, 97.58, 5.42),
(269, 'PL0030', 'CAM003', '2024-08-10', 13978, 36, 2, 76.32, 5.46),
(270, 'PL0030', 'CAM003', '2024-08-20', 16527, 47, 3, 80.32, 4.86),
(271, 'PL0031', 'CAM003', '2024-06-01', 53207, 59, 2, 117.06, 2.2),
(272, 'PL0031', 'CAM003', '2024-06-11', 65435, 59, 5, 181.91, 2.78),
(273, 'PL0031', 'CAM003', '2024-06-21', 47700, 51, 2, 109.71, 2.3),
(274, 'PL0031', 'CAM003', '2024-07-01', 73201, 84, 3, 182.27, 2.49),
(275, 'PL0031', 'CAM003', '2024-07-11', 58176, 76, 3, 152.42, 2.62),
(276, 'PL0031', 'CAM003', '2024-07-21', 13441, 19, 1, 28.63, 2.13),
(277, 'PL0031', 'CAM003', '2024-07-31', 45054, 60, 2, 113.09, 2.51),
(278, 'PL0031', 'CAM003', '2024-08-10', 56009, 45, 3, 171.39, 3.06),
(279, 'PL0031', 'CAM003', '2024-08-20', 62531, 92, 3, 166.96, 2.67),
(280, 'PL0032', 'CAM003', '2024-06-01', 39765, 79, 2, 125.66, 3.16),
(281, 'PL0032', 'CAM003', '2024-06-11', 27340, 59, 3, 91.59, 3.35),
(282, 'PL0032', 'CAM003', '2024-06-21', 44074, 116, 3, 140.16, 3.18),
(283, 'PL0032', 'CAM003', '2024-07-01', 15316, 31, 1, 45.34, 2.96),
(284, 'PL0032', 'CAM003', '2024-07-11', 32788, 71, 2, 87.87, 2.68),
(285, 'PL0032', 'CAM003', '2024-07-21', 22902, 48, 2, 80.39, 3.51),
(286, 'PL0032', 'CAM003', '2024-07-31', 49447, 105, 4, 142.9, 2.89),
(287, 'PL0032', 'CAM003', '2024-08-10', 48721, 94, 4, 161.75, 3.32),
(288, 'PL0032', 'CAM003', '2024-08-20', 18397, 37, 1, 55.19, 3.0),
(289, 'PL0033', 'CAM004', '2024-07-01', 32987, 100, 1, 71.91, 2.18),
(290, 'PL0033', 'CAM004', '2024-07-11', 71446, 240, 2, 182.19, 2.55),
(291, 'PL0033', 'CAM004', '2024-07-21', 45161, 97, 2, 109.29, 2.42),
(292, 'PL0033', 'CAM004', '2024-07-31', 20544, 58, 1, 43.55, 2.12),
(293, 'PL0033', 'CAM004', '2024-08-10', 25205, 85, 2, 53.69, 2.13),
(294, 'PL0033', 'CAM004', '2024-08-20', 69747, 187, 2, 163.91, 2.35),
(295, 'PL0033', 'CAM004', '2024-08-30', 57568, 202, 6, 175.01, 3.04),
(296, 'PL0033', 'CAM004', '2024-09-09', 62428, 198, 2, 181.04, 2.9),
(297, 'PL0033', 'CAM004', '2024-09-19', 46891, 121, 1, 119.1, 2.54),
(298, 'PL0034', 'CAM004', '2024-07-01', 27250, 62, 2, 108.73, 3.99),
(299, 'PL0034', 'CAM004', '2024-07-11', 10005, 19, 1, 38.42, 3.84),
(300, 'PL0034', 'CAM004', '2024-07-21', 27896, 55, 1, 88.15, 3.16);

INSERT INTO daily_performance VALUES
(301, 'PL0034', 'CAM004', '2024-07-31', 47299, 99, 3, 167.44, 3.54),
(302, 'PL0034', 'CAM004', '2024-08-10', 44478, 96, 3, 191.26, 4.3),
(303, 'PL0034', 'CAM004', '2024-08-20', 9938, 22, 1, 45.32, 4.56),
(304, 'PL0034', 'CAM004', '2024-08-30', 42976, 87, 2, 122.48, 2.85),
(305, 'PL0034', 'CAM004', '2024-09-09', 41994, 61, 3, 117.16, 2.79),
(306, 'PL0034', 'CAM004', '2024-09-19', 25718, 70, 2, 101.59, 3.95),
(307, 'PL0035', 'CAM004', '2024-07-01', 36980, 76, 6, 218.92, 5.92),
(308, 'PL0035', 'CAM004', '2024-07-11', 12862, 30, 2, 85.92, 6.68),
(309, 'PL0035', 'CAM004', '2024-07-21', 11728, 27, 3, 88.31, 7.53),
(310, 'PL0035', 'CAM004', '2024-07-31', 13917, 23, 2, 87.26, 6.27),
(311, 'PL0035', 'CAM004', '2024-08-10', 38324, 65, 6, 230.33, 6.01),
(312, 'PL0035', 'CAM004', '2024-08-20', 45464, 109, 8, 299.61, 6.59),
(313, 'PL0035', 'CAM004', '2024-08-30', 39170, 61, 10, 274.19, 7.0),
(314, 'PL0035', 'CAM004', '2024-09-09', 30507, 83, 6, 224.84, 7.37),
(315, 'PL0035', 'CAM004', '2024-09-19', 50344, 133, 11, 381.61, 7.58),
(316, 'PL0036', 'CAM004', '2024-07-01', 83517, 266, 4, 181.23, 2.17),
(317, 'PL0036', 'CAM004', '2024-07-11', 52079, 125, 2, 140.61, 2.7),
(318, 'PL0036', 'CAM004', '2024-07-21', 58863, 169, 2, 146.57, 2.49),
(319, 'PL0036', 'CAM004', '2024-07-31', 65667, 187, 5, 185.18, 2.82),
(320, 'PL0036', 'CAM004', '2024-08-10', 34709, 76, 1, 76.01, 2.19),
(321, 'PL0036', 'CAM004', '2024-08-20', 33537, 112, 2, 75.46, 2.25),
(322, 'PL0036', 'CAM004', '2024-08-30', 31901, 78, 2, 58.06, 1.82),
(323, 'PL0036', 'CAM004', '2024-09-09', 55577, 133, 2, 123.94, 2.23),
(324, 'PL0036', 'CAM004', '2024-09-19', 83995, 269, 3, 229.31, 2.73),
(325, 'PL0037', 'CAM004', '2024-07-01', 76648, 84, 4, 252.17, 3.29),
(326, 'PL0037', 'CAM004', '2024-07-11', 73736, 97, 2, 266.92, 3.62),
(327, 'PL0037', 'CAM004', '2024-07-21', 30308, 46, 1, 101.53, 3.35),
(328, 'PL0037', 'CAM004', '2024-07-31', 79013, 109, 4, 263.9, 3.34),
(329, 'PL0037', 'CAM004', '2024-08-10', 27176, 30, 1, 78.81, 2.9),
(330, 'PL0037', 'CAM004', '2024-08-20', 31697, 46, 2, 95.09, 3.0),
(331, 'PL0037', 'CAM004', '2024-08-30', 57749, 66, 3, 160.54, 2.78),
(332, 'PL0037', 'CAM004', '2024-09-09', 68841, 86, 3, 209.97, 3.05),
(333, 'PL0037', 'CAM004', '2024-09-19', 71474, 93, 4, 206.56, 2.89),
(334, 'PL0038', 'CAM004', '2024-07-01', 33874, 22, 1, 51.15, 1.51),
(335, 'PL0038', 'CAM004', '2024-07-11', 30026, 20, 1, 50.14, 1.67),
(336, 'PL0038', 'CAM004', '2024-07-21', 44627, 39, 1, 78.99, 1.77),
(337, 'PL0038', 'CAM004', '2024-07-31', 47020, 32, 1, 79.93, 1.7),
(338, 'PL0038', 'CAM004', '2024-08-10', 38810, 28, 1, 68.69, 1.77),
(339, 'PL0038', 'CAM004', '2024-08-20', 15506, 12, 0, 32.56, 2.1),
(340, 'PL0038', 'CAM004', '2024-08-30', 19551, 18, 1, 35.97, 1.84),
(341, 'PL0038', 'CAM004', '2024-09-09', 6747, 5, 0, 11.94, 1.77),
(342, 'PL0038', 'CAM004', '2024-09-19', 10348, 9, 0, 16.97, 1.64),
(343, 'PL0039', 'CAM004', '2024-07-01', 11493, 26, 1, 30.23, 2.63),
(344, 'PL0039', 'CAM004', '2024-07-11', 23800, 44, 2, 81.87, 3.44),
(345, 'PL0039', 'CAM004', '2024-07-21', 14095, 28, 1, 37.49, 2.66),
(346, 'PL0039', 'CAM004', '2024-07-31', 6245, 10, 0, 19.05, 3.05),
(347, 'PL0039', 'CAM004', '2024-08-10', 40966, 98, 4, 118.39, 2.89),
(348, 'PL0039', 'CAM004', '2024-08-20', 20573, 46, 1, 62.54, 3.04),
(349, 'PL0039', 'CAM004', '2024-08-30', 32513, 56, 2, 87.13, 2.68),
(350, 'PL0039', 'CAM004', '2024-09-09', 37756, 84, 3, 114.02, 3.02);

INSERT INTO daily_performance VALUES
(351, 'PL0039', 'CAM004', '2024-09-19', 38775, 61, 3, 108.96, 2.81),
(352, 'PL0040', 'CAM005', '2024-10-01', 56244, 68, 2, 146.23, 2.6),
(353, 'PL0040', 'CAM005', '2024-10-11', 21221, 22, 1, 53.69, 2.53),
(354, 'PL0040', 'CAM005', '2024-10-21', 76535, 87, 3, 175.27, 2.29),
(355, 'PL0040', 'CAM005', '2024-10-31', 71621, 98, 5, 190.51, 2.66),
(356, 'PL0040', 'CAM005', '2024-11-10', 56805, 80, 3, 149.97, 2.64),
(357, 'PL0040', 'CAM005', '2024-11-20', 23587, 29, 1, 49.06, 2.08),
(358, 'PL0040', 'CAM005', '2024-11-30', 54374, 68, 3, 144.09, 2.65),
(359, 'PL0040', 'CAM005', '2024-12-10', 70899, 100, 3, 179.37, 2.53),
(360, 'PL0040', 'CAM005', '2024-12-20', 69988, 90, 3, 194.57, 2.78),
(361, 'PL0041', 'CAM005', '2024-10-01', 59846, 152, 9, 369.85, 6.18),
(362, 'PL0041', 'CAM005', '2024-10-11', 43588, 101, 7, 252.37, 5.79),
(363, 'PL0041', 'CAM005', '2024-10-21', 50395, 132, 9, 333.11, 6.61),
(364, 'PL0041', 'CAM005', '2024-10-31', 29753, 52, 4, 172.27, 5.79),
(365, 'PL0041', 'CAM005', '2024-11-10', 36636, 109, 5, 191.24, 5.22),
(366, 'PL0041', 'CAM005', '2024-11-20', 20243, 46, 3, 104.05, 5.14),
(367, 'PL0041', 'CAM005', '2024-11-30', 42031, 104, 9, 263.95, 6.28),
(368, 'PL0041', 'CAM005', '2024-12-10', 19826, 53, 3, 106.47, 5.37),
(369, 'PL0041', 'CAM005', '2024-12-20', 13247, 31, 3, 86.24, 6.51),
(370, 'PL0042', 'CAM005', '2024-10-01', 18921, 31, 3, 86.85, 4.59),
(371, 'PL0042', 'CAM005', '2024-10-11', 10775, 15, 1, 38.04, 3.53),
(372, 'PL0042', 'CAM005', '2024-10-21', 49908, 67, 8, 307.93, 6.17),
(373, 'PL0042', 'CAM005', '2024-10-31', 12917, 18, 2, 55.16, 4.27),
(374, 'PL0042', 'CAM005', '2024-11-10', 18484, 27, 2, 94.08, 5.09),
(375, 'PL0042', 'CAM005', '2024-11-20', 47817, 67, 4, 202.27, 4.23),
(376, 'PL0042', 'CAM005', '2024-11-30', 50281, 81, 5, 221.74, 4.41),
(377, 'PL0042', 'CAM005', '2024-12-10', 45174, 74, 7, 219.09, 4.85),
(378, 'PL0042', 'CAM005', '2024-12-20', 37094, 58, 6, 179.91, 4.85),
(379, 'PL0043', 'CAM005', '2024-10-01', 39698, 72, 3, 137.75, 3.47),
(380, 'PL0043', 'CAM005', '2024-10-11', 6698, 18, 1, 21.3, 3.18),
(381, 'PL0043', 'CAM005', '2024-10-21', 30361, 65, 2, 94.73, 3.12),
(382, 'PL0043', 'CAM005', '2024-10-31', 19062, 29, 2, 67.48, 3.54),
(383, 'PL0043', 'CAM005', '2024-11-10', 37191, 76, 3, 127.19, 3.42),
(384, 'PL0043', 'CAM005', '2024-11-20', 34170, 71, 3, 133.95, 3.92),
(385, 'PL0043', 'CAM005', '2024-11-30', 25944, 46, 2, 69.79, 2.69),
(386, 'PL0043', 'CAM005', '2024-12-10', 24657, 47, 3, 88.27, 3.58),
(387, 'PL0043', 'CAM005', '2024-12-20', 46792, 100, 3, 166.11, 3.55),
(388, 'PL0044', 'CAM005', '2024-10-01', 14101, 16, 0, 31.16, 2.21),
(389, 'PL0044', 'CAM005', '2024-10-11', 28651, 20, 1, 60.17, 2.1),
(390, 'PL0044', 'CAM005', '2024-10-21', 45104, 30, 1, 101.94, 2.26),
(391, 'PL0044', 'CAM005', '2024-10-31', 31093, 31, 2, 67.78, 2.18),
(392, 'PL0044', 'CAM005', '2024-11-10', 42676, 33, 1, 119.92, 2.81),
(393, 'PL0044', 'CAM005', '2024-11-20', 47096, 43, 1, 109.26, 2.32),
(394, 'PL0044', 'CAM005', '2024-11-30', 41130, 33, 1, 85.55, 2.08),
(395, 'PL0044', 'CAM005', '2024-12-10', 13456, 8, 0, 32.56, 2.42),
(396, 'PL0044', 'CAM005', '2024-12-20', 15028, 12, 0, 32.01, 2.13),
(397, 'PL0045', 'CAM005', '2024-10-01', 44552, 107, 1, 139.0, 3.12),
(398, 'PL0045', 'CAM005', '2024-10-11', 47847, 118, 1, 133.01, 2.78),
(399, 'PL0045', 'CAM005', '2024-10-21', 50972, 167, 4, 138.13, 2.71),
(400, 'PL0045', 'CAM005', '2024-10-31', 37103, 107, 2, 81.26, 2.19);

INSERT INTO daily_performance VALUES
(401, 'PL0045', 'CAM005', '2024-11-10', 37439, 98, 3, 79.37, 2.12),
(402, 'PL0045', 'CAM005', '2024-11-20', 88874, 219, 4, 277.29, 3.12),
(403, 'PL0045', 'CAM005', '2024-11-30', 25646, 93, 2, 67.96, 2.65),
(404, 'PL0045', 'CAM005', '2024-12-10', 89991, 243, 2, 193.48, 2.15),
(405, 'PL0045', 'CAM005', '2024-12-20', 80278, 276, 4, 183.84, 2.29),
(406, 'PL0046', 'CAM005', '2024-10-01', 47096, 127, 4, 118.68, 2.52),
(407, 'PL0046', 'CAM005', '2024-10-11', 53985, 126, 2, 134.96, 2.5),
(408, 'PL0046', 'CAM005', '2024-10-21', 75875, 257, 2, 188.93, 2.49),
(409, 'PL0046', 'CAM005', '2024-10-31', 55970, 182, 2, 122.01, 2.18),
(410, 'PL0046', 'CAM005', '2024-11-10', 67260, 200, 2, 172.19, 2.56),
(411, 'PL0046', 'CAM005', '2024-11-20', 88616, 289, 3, 222.43, 2.51),
(412, 'PL0046', 'CAM005', '2024-11-30', 33465, 112, 1, 86.01, 2.57),
(413, 'PL0046', 'CAM005', '2024-12-10', 65351, 216, 1, 140.5, 2.15),
(414, 'PL0046', 'CAM005', '2024-12-20', 57917, 161, 4, 161.59, 2.79),
(415, 'PL0047', 'CAM005', '2024-10-01', 20440, 52, 4, 123.25, 6.03),
(416, 'PL0047', 'CAM005', '2024-10-11', 28220, 69, 5, 187.66, 6.65),
(417, 'PL0047', 'CAM005', '2024-10-21', 33771, 51, 6, 234.37, 6.94),
(418, 'PL0047', 'CAM005', '2024-10-31', 11312, 32, 2, 76.92, 6.8),
(419, 'PL0047', 'CAM005', '2024-11-10', 50877, 120, 7, 326.12, 6.41),
(420, 'PL0047', 'CAM005', '2024-11-20', 16777, 42, 4, 134.55, 8.02),
(421, 'PL0047', 'CAM005', '2024-11-30', 58060, 140, 8, 416.29, 7.17),
(422, 'PL0047', 'CAM005', '2024-12-10', 31758, 84, 5, 213.1, 6.71),
(423, 'PL0047', 'CAM005', '2024-12-20', 41046, 84, 7, 301.69, 7.35),
(424, 'PL0048', 'CAM005', '2024-10-01', 25572, 25, 1, 80.3, 3.14),
(425, 'PL0048', 'CAM005', '2024-10-11', 58915, 73, 2, 159.66, 2.71),
(426, 'PL0048', 'CAM005', '2024-10-21', 36090, 39, 2, 98.53, 2.73),
(427, 'PL0048', 'CAM005', '2024-10-31', 15276, 20, 1, 47.05, 3.08),
(428, 'PL0048', 'CAM005', '2024-11-10', 69898, 96, 3, 243.25, 3.48),
(429, 'PL0048', 'CAM005', '2024-11-20', 28321, 31, 1, 98.27, 3.47),
(430, 'PL0048', 'CAM005', '2024-11-30', 49221, 82, 2, 130.93, 2.66),
(431, 'PL0048', 'CAM005', '2024-12-10', 76809, 71, 4, 223.51, 2.91),
(432, 'PL0048', 'CAM005', '2024-12-20', 58281, 88, 2, 171.35, 2.94),
(433, 'PL0049', 'CAM006', '2024-04-15', 64596, 60, 3, 177.64, 2.75),
(434, 'PL0049', 'CAM006', '2024-04-23', 13492, 13, 1, 38.32, 2.84),
(435, 'PL0049', 'CAM006', '2024-05-01', 39824, 46, 1, 103.54, 2.6),
(436, 'PL0049', 'CAM006', '2024-05-09', 59832, 85, 2, 204.03, 3.41),
(437, 'PL0049', 'CAM006', '2024-05-17', 14138, 13, 1, 40.01, 2.83),
(438, 'PL0049', 'CAM006', '2024-05-25', 64890, 90, 2, 221.27, 3.41),
(439, 'PL0049', 'CAM006', '2024-06-02', 63788, 61, 5, 195.83, 3.07),
(440, 'PL0049', 'CAM006', '2024-06-10', 18163, 23, 1, 53.76, 2.96),
(441, 'PL0049', 'CAM006', '2024-06-18', 52604, 74, 4, 162.02, 3.08),
(442, 'PL0050', 'CAM006', '2024-04-15', 75249, 285, 4, 199.41, 2.65),
(443, 'PL0050', 'CAM006', '2024-04-23', 61437, 159, 3, 116.73, 1.9),
(444, 'PL0050', 'CAM006', '2024-05-01', 49650, 112, 2, 112.71, 2.27),
(445, 'PL0050', 'CAM006', '2024-05-09', 47311, 139, 1, 125.85, 2.66),
(446, 'PL0050', 'CAM006', '2024-05-17', 52880, 134, 4, 121.62, 2.3),
(447, 'PL0050', 'CAM006', '2024-05-25', 79094, 224, 2, 211.18, 2.67),
(448, 'PL0050', 'CAM006', '2024-06-02', 50842, 136, 1, 118.46, 2.33),
(449, 'PL0050', 'CAM006', '2024-06-10', 86197, 180, 3, 256.87, 2.98),
(450, 'PL0050', 'CAM006', '2024-06-18', 34198, 68, 1, 80.71, 2.36);

INSERT INTO daily_performance VALUES
(451, 'PL0051', 'CAM006', '2024-04-15', 10179, 18, 1, 43.36, 4.26),
(452, 'PL0051', 'CAM006', '2024-04-23', 18242, 43, 2, 73.33, 4.02),
(453, 'PL0051', 'CAM006', '2024-05-01', 41832, 81, 4, 151.01, 3.61),
(454, 'PL0051', 'CAM006', '2024-05-09', 20889, 36, 2, 100.27, 4.8),
(455, 'PL0051', 'CAM006', '2024-05-17', 19789, 38, 2, 73.81, 3.73),
(456, 'PL0051', 'CAM006', '2024-05-25', 11589, 26, 1, 43.34, 3.74),
(457, 'PL0051', 'CAM006', '2024-06-02', 41067, 89, 4, 156.47, 3.81),
(458, 'PL0051', 'CAM006', '2024-06-10', 36175, 54, 2, 128.06, 3.54),
(459, 'PL0051', 'CAM006', '2024-06-18', 23824, 43, 2, 106.02, 4.45),
(460, 'PL0052', 'CAM006', '2024-04-15', 45626, 110, 6, 327.14, 7.17),
(461, 'PL0052', 'CAM006', '2024-04-23', 10444, 28, 2, 70.5, 6.75),
(462, 'PL0052', 'CAM006', '2024-05-01', 10381, 24, 2, 81.7, 7.87),
(463, 'PL0052', 'CAM006', '2024-05-09', 40465, 111, 7, 336.26, 8.31),
(464, 'PL0052', 'CAM006', '2024-05-17', 10455, 24, 2, 84.79, 8.11),
(465, 'PL0052', 'CAM006', '2024-05-25', 15032, 42, 3, 100.56, 6.69),
(466, 'PL0052', 'CAM006', '2024-06-02', 42361, 112, 5, 213.08, 5.03),
(467, 'PL0052', 'CAM006', '2024-06-10', 41044, 93, 7, 292.64, 7.13),
(468, 'PL0052', 'CAM006', '2024-06-18', 38075, 101, 7, 236.83, 6.22),
(469, 'PL0053', 'CAM006', '2024-04-15', 5923, 12, 0, 17.65, 2.98),
(470, 'PL0053', 'CAM006', '2024-04-23', 16501, 30, 1, 54.12, 3.28),
(471, 'PL0053', 'CAM006', '2024-05-01', 31574, 68, 2, 104.19, 3.3),
(472, 'PL0053', 'CAM006', '2024-05-09', 17109, 38, 1, 73.4, 4.29),
(473, 'PL0053', 'CAM006', '2024-05-17', 21256, 49, 2, 80.77, 3.8),
(474, 'PL0053', 'CAM006', '2024-05-25', 26602, 55, 1, 94.44, 3.55),
(475, 'PL0053', 'CAM006', '2024-06-02', 5749, 11, 0, 24.2, 4.21),
(476, 'PL0053', 'CAM006', '2024-06-10', 35500, 87, 2, 128.51, 3.62),
(477, 'PL0053', 'CAM006', '2024-06-18', 37933, 97, 2, 126.7, 3.34),
(478, 'PL0054', 'CAM006', '2024-04-15', 49858, 96, 10, 334.55, 6.71),
(479, 'PL0054', 'CAM006', '2024-04-23', 48280, 129, 13, 386.72, 8.01),
(480, 'PL0054', 'CAM006', '2024-05-01', 47697, 122, 6, 256.13, 5.37),
(481, 'PL0054', 'CAM006', '2024-05-09', 38856, 98, 5, 188.06, 4.84),
(482, 'PL0054', 'CAM006', '2024-05-17', 52586, 102, 14, 327.08, 6.22),
(483, 'PL0054', 'CAM006', '2024-05-25', 13365, 27, 3, 80.59, 6.03),
(484, 'PL0054', 'CAM006', '2024-06-02', 15353, 48, 3, 108.09, 7.04),
(485, 'PL0054', 'CAM006', '2024-06-10', 41127, 108, 7, 289.95, 7.05),
(486, 'PL0054', 'CAM006', '2024-06-18', 36956, 116, 6, 242.06, 6.55),
(487, 'PL0055', 'CAM006', '2024-04-15', 46217, 47, 6, 232.47, 5.03),
(488, 'PL0055', 'CAM006', '2024-04-23', 16647, 25, 2, 71.42, 4.29),
(489, 'PL0055', 'CAM006', '2024-05-01', 11783, 14, 1, 54.44, 4.62),
(490, 'PL0055', 'CAM006', '2024-05-09', 24676, 38, 5, 131.77, 5.34),
(491, 'PL0055', 'CAM006', '2024-05-17', 45900, 79, 6, 239.6, 5.22),
(492, 'PL0055', 'CAM006', '2024-05-25', 11948, 15, 2, 61.53, 5.15),
(493, 'PL0055', 'CAM006', '2024-06-02', 38937, 67, 5, 197.02, 5.06),
(494, 'PL0055', 'CAM006', '2024-06-10', 55794, 62, 7, 254.42, 4.56),
(495, 'PL0055', 'CAM006', '2024-06-18', 33066, 34, 5, 177.23, 5.36),
(496, 'PL0056', 'CAM006', '2024-04-15', 48371, 40, 1, 91.42, 1.89),
(497, 'PL0056', 'CAM006', '2024-04-23', 27791, 30, 1, 63.09, 2.27),
(498, 'PL0056', 'CAM006', '2024-05-01', 19594, 16, 1, 38.99, 1.99),
(499, 'PL0056', 'CAM006', '2024-05-09', 24553, 15, 1, 46.16, 1.88),
(500, 'PL0056', 'CAM006', '2024-05-17', 20051, 17, 0, 36.29, 1.81);

INSERT INTO daily_performance VALUES
(501, 'PL0056', 'CAM006', '2024-05-25', 23064, 21, 1, 50.97, 2.21),
(502, 'PL0056', 'CAM006', '2024-06-02', 48266, 37, 1, 71.43, 1.48),
(503, 'PL0056', 'CAM006', '2024-06-10', 6025, 5, 0, 11.39, 1.89),
(504, 'PL0056', 'CAM006', '2024-06-18', 49041, 36, 1, 87.78, 1.79),
(505, 'PL0057', 'CAM006', '2024-04-15', 7899, 14, 1, 27.57, 3.49),
(506, 'PL0057', 'CAM006', '2024-04-23', 8699, 22, 1, 35.93, 4.13),
(507, 'PL0057', 'CAM006', '2024-05-01', 20346, 45, 1, 55.54, 2.73),
(508, 'PL0057', 'CAM006', '2024-05-09', 49075, 116, 4, 169.31, 3.45),
(509, 'PL0057', 'CAM006', '2024-05-17', 14388, 34, 1, 47.19, 3.28),
(510, 'PL0057', 'CAM006', '2024-05-25', 41485, 88, 4, 170.09, 4.1),
(511, 'PL0057', 'CAM006', '2024-06-02', 16477, 29, 2, 49.93, 3.03),
(512, 'PL0057', 'CAM006', '2024-06-10', 47160, 95, 4, 141.01, 2.99),
(513, 'PL0057', 'CAM006', '2024-06-18', 25888, 49, 2, 76.11, 2.94);

-- ============================================================
-- VERIFICATION: Run these to confirm data loaded correctly
-- ============================================================
SELECT 'publishers' AS tbl, COUNT(*) AS rows FROM publishers
UNION ALL SELECT 'campaigns', COUNT(*) FROM campaigns
UNION ALL SELECT 'placements', COUNT(*) FROM placements
UNION ALL SELECT 'daily_performance', COUNT(*) FROM daily_performance;